name,f1,accuracy,precision,recall,roc_auc
LogisticRegression_L2,0.8680089485458613,0.8984509466437177,0.8818181818181818,0.8546255506607929,0.9544911520943777
LogisticRegression_ElasticNet,0.8666666666666667,0.8967297762478486,0.874439461883408,0.8590308370044053,0.9541178227432241
LogisticRegression_L1,0.8628318584070797,0.8932874354561101,0.8666666666666667,0.8590308370044053,0.9537196047686602
